,TRUE,GAT,DNN
0,3.257438567,2.4023616,2.597723
1,2.941449315,2.9339685,3.1565917
2,2.874481818,2.8824878,3.0831082
3,3.02680555,2.9838705,2.4976532
4,3.10720997,3.1894116,3.170759
5,3.237543738,3.1246188,1.5463504
6,3.749736316,3.885238,3.54231
7,2.86332286,3.0254178,3.411052
8,2.836956737,2.9920623,3.3947127
9,2.866287339,2.4136674,2.5421991
10,2.014240439,1.6990101,2.2657905
11,3.733197265,3.5000436,3.5483143
12,2.698970004,3.5466115,3.102007
13,3.903089987,3.3271592,3.1823065
14,2.830588669,3.0387938,2.9998507
15,3.392696953,3.5613286,3.4332755
16,2.860338007,3.1469798,2.5589478
17,3.352182518,3.2693071,3.0732634
18,3.290034611,3.0338633,3.2559621
19,3.595496222,3.470001,3.1753592
20,3.357934847,3.5811853,3.20087
21,3.653212514,3.5160823,2.380207
22,3.120573931,3.049176,2.3723986
23,3.413299764,3.3574576,2.7913427
24,2.487138375,3.1918306,2.2503061
25,3.06069784,2.8564882,2.5286305
26,3.079181246,3.0927129,2.760918
27,2.607455023,3.1845436,2.187052
28,3.301029996,3.123824,3.420249
29,4.176091259,3.2844276,3.2726684
30,3.712649702,3.3276515,2.9363308
31,2.763427994,3.2790766,2.8834808
32,1.544068044,2.283327,1.9231662
33,3,2.790387,2.4383256
34,3.176091259,2.8802629,2.4429147
35,3.523746467,3.4099798,3.0377464
36,4.301029996,3.5574281,3.6601238
37,2.924106913,2.7141924,2.6479208
38,1.224014811,1.8884759,1.1031687
39,4.029383778,3.4384,2.9327214
40,3.698970004,3.521649,3.256309
41,3.342422681,3.1495829,3.7051914
42,3.685741739,3.298305,4.0966454
43,3.45484486,3.497424,3.5921705
44,3.51851394,3.2311172,3.3927174
45,3.781036939,3.329423,3.1976492
46,0.477121255,1.9463046,1.587659
47,3.698970004,3.2108102,3.0806758
48,3.301029996,3.1004505,3.0736208
49,3.376576957,3.3761885,3.4037113
50,3.204119983,3.0641055,2.6220646
51,3.468199586,3.176375,2.4633682
52,3.209515015,3.3864455,3.6635497
53,3.495405563,2.8508575,3.195838
54,3.462397998,3.07859,3.0514975
55,3.698970004,3.5597324,3.3146043
56,2.73239376,2.855931,2.1837556
57,3.687291089,3.3515906,2.9907672
58,3.06069784,3.6102576,3.5649142
59,3.301029996,3.5048242,2.992293
60,3.255272505,2.7744086,2.7616775
61,-0.255707017,3.2420826,1.1212522
62,2.127104798,2.9950342,4.16153
63,3.008600172,3.0745442,2.6302009
64,3.698970004,3.6701138,3.6568396
65,3.941113727,3.3497937,3.413669
66,3.301029996,3.0420763,3.2634618
67,3.698970004,3.5071929,3.4078476
68,4,3.7866786,3.0755224
69,1.939519253,3.221678,3.4346395
70,2.69019608,3.270875,2.3682392
71,1.954242509,2.2419853,2.1027215
72,3.301029996,2.6827505,2.3148162
73,4,3.7676828,4.1380496
74,4.027757205,3.7242837,3.3531573
75,3.776882707,3.0242116,3.7096863
76,2.255272505,2.57312,3.288895
77,3.301029996,3.8824382,3.5421822
78,2.228314792,2.291888,2.1347115
79,3,2.9014423,3.1940703
80,3.408239965,3.2467725,3.4402287
81,3.691965103,3.253632,3.5360146
82,2.992553518,2.8069038,2.3107738
83,2.235528447,2.8426046,2.7417953
84,3.698970004,3.3052828,3.7010407
85,3.245512668,3.2027369,2.4333584
86,1.079181246,0.8745404,2.408974
87,1.91204483,1.9062135,2.4293103
88,4.048325251,2.819708,2.538752
89,4.084576278,3.6109924,3.2445252
90,2.544068044,3.0000029,2.7064638
91,3.301029996,2.8212655,2.7218993
92,2.855519156,3.259163,3.0936725
93,2.937852093,3.3530054,3.2185566
94,3.24133476,3.220704,2.5448658
95,3.76458706,3.569234,3.2592852
96,2.667452953,2.8264709,2.714578
97,2.724685388,3.0465412,2.8457463
98,2.944482672,3.1896207,2.7489152
99,3.726808683,3.3708134,3.088434
100,3.477121255,3.528563,2.4626546
101,2.850339855,2.9920948,2.4381135
102,3.789580712,3.834326,3.5518687
103,3.377124042,3.0701323,2.9920251
104,3.222716471,3.398425,2.8648207
105,3.033423755,2.8774652,1.9548066
106,3.176091259,3.1553497,3.5837088
107,3.698970004,3.5690255,3.7620761
108,4.027376793,3.3248136,3.1946461
109,3.698970004,3.7385638,3.5179482
110,3.362623824,3.5534492,3.8688931
111,3.459904894,3.677062,3.6217542
112,3.807737922,3.4063582,3.3095176
113,3.217483944,3.4132657,2.8891778
114,3.301029996,3.6653152,3.6857138
115,2.342422681,2.927073,2.5587516
116,3.544068044,3.6014283,3.2992203
117,3.146128036,2.8116362,1.9716737
118,4.160468531,3.8728588,3.6265826
119,3.698970004,3.482407,3.527336
120,2.653212514,2.9332986,2.527848
121,2.361727836,2.4432943,2.6455793
122,3.301029996,2.8932266,3.9408984
123,3.77815125,3.5069542,3.64087
124,4.170994702,3.5850918,3.6399715
125,2.698970004,3.5253928,3.1634262
126,3.397940009,3.0393953,2.9011524
127,3,3.5249162,3.3035436
128,2.804820679,2.983759,3.04785
129,4.049605613,3.6749454,3.8081527
130,3.431256518,3.8116388,3.5399756
131,3.562292864,3.5341055,3.7560139
132,4.157607853,3.6360555,3.7057502
133,4.19295753,3.7800088,3.9673026
134,2.826074803,2.835136,2.8476439
135,2.796529732,3.3056748,2.911175
136,3.86923172,3.515355,3.5730133
137,3.612783857,3.6027389,3.717564
138,2.140926842,2.434643,2.3409812
139,3.624282096,2.5370572,2.4788213
140,3,3.2597733,3.0265098
141,2.462397998,3.5009732,3.133526
142,3.698970004,3.2233124,3.237471
143,4.283301229,3.2309818,3.3348022
144,3.544068044,4.0402803,3.4079683
145,3.698970004,3.847101,4.0448093
146,3.301029996,3.268119,3.3056235
147,2.903089987,3.712086,3.6662965
148,2.826074803,3.3431828,3.5921178
149,3.477121255,3.643532,3.9428136
150,3.301029996,3.7596772,3.5964708
151,3.477121255,3.7515204,3.923612
152,3.810041996,3.5970962,3.3869092
153,4.049218023,3.6724653,3.7628477
154,3.698970004,3.6804595,3.5730133
155,3.954242509,3.811911,3.717564
156,3.698970004,4.133794,4.0453873
157,3.477121255,2.9576178,3.6431172
158,3.301029996,3.1029565,3.0492651
159,3.77815125,3.1408987,2.2226577
160,3.971554153,3.6672559,3.7619479
161,3.45484486,3.454318,2.772104
162,3.180555941,2.966029,2.9265134
163,2.770852012,3.108521,3.098512
164,3.086359831,3.442837,3.9469855
165,3.397940009,3.7132955,3.7813344
166,2.653212514,3.0056415,2.6697989
167,2.995635195,3.0841184,2.9292219
168,2.95568775,2.5437,2.8281457
169,2.161368002,2.886101,2.851618
170,3.698970004,3.0806923,3.0421455
171,2.903089987,2.794785,2.9405353
172,2.903089987,2.8492532,2.27589
173,3.698970004,2.8574076,2.7374256
174,1.707570176,2.3391764,1.6362416
175,3.301029996,3.390059,3.6682463
176,3.698970004,3.3614035,3.1591628
177,3.301029996,3.2378464,3.513581
178,3.748188027,3.485007,3.2398999
179,3.226599905,2.5573845,2.398938
180,0.425968732,2.1913517,1.2527856
181,2.385606274,3.2453568,3.032019
182,3.698970004,3.2448945,3.407476
183,3.698970004,3.6790385,3.12299
184,3.698970004,3.075539,2.5703723
185,3.290034611,2.712589,2.6583605
186,3.301029996,3.6349902,3.3272514
187,2.602059991,2.6272311,2.8456976
188,3.73479983,3.5406985,4.076652
189,4.701999475,3.8900902,4.084103
190,3.004321374,3.0497808,3.1971693
191,4.079181246,3.3283489,3.680066
192,3.477121255,3.2155776,3.1775622
193,3.698970004,3.5091503,3.091148
194,3.347720217,3.4061902,3.3971167
195,3.451581773,2.67188,2.3948576
196,2.743509765,2.0710752,2.3091958
197,3.301029996,3.6237457,2.9571702
198,3.079181246,3.2161708,3.0093415
199,3.698970004,3.242011,3.2329774
200,2.907411361,2.789541,2.5870962
201,3.462397998,3.1043508,3.082451
202,2.301029996,2.5937288,1.5419043
203,3.427128919,3.2698376,3.0048206
204,4.301029996,3.5888116,4.0759277
205,2.991226076,3.2341955,3.3266497
206,3.431363764,3.625241,3.981091
207,3.585404324,3.6591897,3.4232793
208,3.658583715,3.1545339,3.5429776
209,2.954242509,2.6518939,2.977248
210,3.698970004,3.8289824,3.0672975
211,3.012837225,3.2491512,3.0332172
212,3.230448921,3.3437064,2.9752567
213,3.609594409,3.4794896,1.906614
214,3.391993072,3.0881248,2.5014045
215,3.096910013,3.140965,2.7990434
216,3.511883361,2.8717747,2.4923577
217,4.012837225,3.4618328,3.1947067
218,3.698970004,3.0883324,3.7920423
219,1.806179974,2.7882755,2.7610893
220,3.903089987,3.1109257,3.4608042
221,3.748188027,2.868554,3.2206564
222,2.079181246,2.3943436,2.2237256
223,4.059570991,3.3821847,2.909208
224,3.193124598,3.2008488,3.404295
225,3.478999132,3.5767841,3.5691035
226,3.698970004,3.1684968,3.1563115
227,3.698970004,3.2025833,2.740474
228,3.342422681,3.8450816,3.207295
229,3.301029996,2.0809536,3.3188696
230,3.086359831,2.9531887,2.6875253
231,2.785329835,3.0235038,2.6359155
232,2.167317335,3.048433,2.5715628
233,4.633468456,3.7135735,4.2020464
234,3.501606922,3.4155655,3.6206553
235,2.775428392,3.1324282,3.062874
236,3.353030976,3.4743507,2.4626546
237,2.477121255,2.634257,1.775037
238,4.014075096,3.675056,3.8870733
239,4.220108088,3.906616,3.5238175
240,4.505149978,3.971716,4.0349584
241,3.301029996,3.0568798,2.738536
242,3.301029996,3.2559612,3.091017
243,1,2.4178188,1.5584514
244,3.749504424,2.7137585,3.0763993
245,2.698970004,2.999565,2.6406612
246,2.949227319,2.8875892,2.605928
247,2.752048448,3.480145,2.856501
248,3,3.293065,2.7982366
249,3.136720567,2.6843035,3.1128924
250,2.544068044,2.7704897,2.37611
251,3.041392685,2.6034422,2.957933
252,2.397940009,2.996966,2.2657921
253,2.397940009,3.0908432,2.3742285
254,2.397940009,2.844423,2.34739
255,2.397940009,3.1917603,2.3791993
256,2.397940009,3.1088812,2.5736856
257,2.397940009,3.205265,2.4118166
258,4,3.283554,2.8860526
259,3.042181595,3.212007,3.0876367
260,3.301029996,4.1256185,3.542895
261,3.681542726,3.1444943,3.7294261
262,3.06069784,2.9440808,2.9254344
263,3.684216795,3.1338408,2.81468
264,3.649918719,3.5897067,3.4603543
265,3.06069784,3.3059149,3.054105
266,2.970811611,3.2538052,3.3619795
267,3.903089987,3.287293,2.8353975
268,2.451786436,2.9632397,2.6749516
269,1.397940009,3.035986,2.7890604
270,3.301029996,3.2505312,3.7467053
271,2.698970004,3.1020963,2.80062
272,2.992553518,3.2161708,3.0093415
273,3.641037614,3.221807,2.4953957
274,3.097994394,3.1045444,2.7706547
275,1.929418926,3.0070846,1.5621995
276,2.970036777,3.0380924,2.8631334
277,2.397940009,2.8788571,2.3804505
278,2.961421094,3.257393,3.6191878
279,2.850033258,2.876889,2.802584
280,2.804820679,3.2271562,3.7810233
281,1.698970004,2.2130644,1.3572643
282,3.105850674,2.1832356,2.3847618
283,2.158362492,2.8706388,3.0661557
284,3.017033339,3.509609,3.5344336
285,3.437195452,3.2269704,3.663552
286,1.698970004,2.619863,3.3768752
287,3.029383778,3.3380108,2.4144676
288,3.552668216,3.286751,2.8076935
289,2.679427897,3.1973557,3.263442
290,3.832508913,3.532945,3.636843
291,3.243038049,3.1088915,3.0469778
292,1.681241237,2.3879585,2.5508962
293,1.602059991,2.7902308,2.5261152
294,3.698970004,3.3988216,4.2571754
295,3.602059991,3.4699855,2.671105
296,4,3.275972,3.523661
297,3.397940009,3.329628,3.2249067
298,3.571708832,3.249777,2.7905514
299,3.278753601,3.4209938,3.233026
300,2.698970004,2.7561479,3.413484
301,2.204119983,2.4442065,2.2529554
302,3.056904851,3.3160744,2.696618
303,2.698970004,3.368413,3.383567
304,3.361727836,2.9371357,2.8587286
305,2.568201724,2.923814,2.3763397
306,3.681241237,3.6218362,2.436076
307,2.298853076,2.9244835,2.3977635
308,2.698970004,2.6308317,3.2052376
309,2.698970004,2.710824,3.1479094
310,2.903089987,3.2404013,2.8560672
311,3.718501689,3.3547707,2.4344807
312,2.740362689,3.2625134,3.1667228
313,3.301029996,3.1305983,2.840938
314,3.477121255,3.6215696,3.6811707
315,3.698970004,2.8504548,2.934644
316,3.544068044,3.3478022,2.8951056
317,3.62324929,3.6027064,3.2449334
318,2.380211242,2.7408094,2.8752434
319,3.698970004,3.7780583,3.3171897
320,2.352182518,3.2985725,2.8094
321,3.477121255,3.0874047,3.1700623
322,3.602059991,3.4787598,3.5394895
323,3.301029996,2.8136091,2.6264899
324,3.301029996,2.7681253,3.2541153
325,3.301029996,2.8382647,3.270509
326,3.301029996,2.754955,3.407661
327,3.301029996,2.7820303,3.2919111
328,1.857332496,2.5542753,2.436005
329,2.792391689,2.4493232,2.7017124
330,2.100370545,2.3440635,2.2502706
331,2.954242509,3.0882518,2.6543746
332,3.031408464,3.1308181,2.6555443
333,3.322219295,3.2563624,3.2648613
334,3.899337076,4.6128078,3.9119856
335,3.103803721,2.9280856,2.6479197
336,4.047780925,2.9439266,3.4740279
337,3.176091259,2.903978,3.0706143
338,2.562768543,3.0587924,2.6859608
339,2.997823081,3.3167243,3.1106954
340,2.658964843,3.2734134,2.7126741
341,3.298853076,3.4444797,3.0108218
342,3.301029996,2.978693,3.195325
343,2.181843588,2.8537614,3.3491879
344,3.698970004,2.6060758,2.8060286
345,2.204119983,2.4116757,2.3174272
346,1.903089987,2.3959816,1.16195
347,3.658011397,3.9616373,3.6268206
348,3.351216345,3.4142673,3.6380913
349,3.793790385,3.5816295,3.4686844
350,3.637989781,2.7141898,2.865145
351,3.230448921,3.0905702,3.086208
352,3.230448921,3.0905702,3.209454
353,3.819543936,3.6415498,4.1289124
354,4.176091259,3.5964665,3.4778821
355,3.698970004,3.1595352,3.6461704
356,2.77815125,3.5533996,3.342836
357,4.230448921,3.0876236,2.6576846
358,1.16879202,1.9709015,0.9065433
359,3.544068044,3.036446,2.747813
360,3.505149978,3.1727047,3.4779463
361,3.301029996,3.0853293,2.9066377
362,3.698970004,3.2572217,3.7377574
363,3.505149978,3.2972918,3.4000278
364,2.477121255,2.7153642,3.0262187
365,2.75076545,2.8474288,2.2434673
366,4.62324929,3.7096367,3.923612
367,4,3.293903,2.8092387
368,1.113943352,3.2981722,2.9637191
369,3.17838077,2.9943748,2.6870508
370,3.698970004,3.4181547,2.940312
371,3.698970004,3.772462,3.923612
372,3.652729696,3.6905026,3.6029205
373,2.459392488,2.7798665,2.8517458
374,3.10720997,3.3236117,2.9594433
375,2.77815125,3.2940748,2.5589552
376,3.36078269,2.5696583,2.6867957
377,3.698970004,3.2298105,3.6769006
378,2.278753601,2.221448,2.8532522
379,3.281941933,3.4435616,3.1729114
380,3.414973348,3.779913,3.4943564
381,3.698970004,3.2108684,3.408147
382,3.574609941,3.3087726,3.787358
383,4.176091259,3.0859327,3.08536
384,2.301029996,2.68367,2.3991585
385,3,2.6335251,2.6239731
386,3.397940009,3.6996577,3.3800023
387,3.602059991,3.2915041,3.448167
388,2.079181246,2.5815306,2.1319692
389,1.903089987,2.2299354,2.048184
390,2.238046103,2.2661896,1.5103236
391,2.800029359,3.3393645,2.8853433
392,0.535800291,0.9380924,0.7087826
393,3.892094603,3.6509707,3.78322
394,3.511883361,3.0458345,2.594302
395,2.820857989,3.5490038,3.052827
396,3.399327532,3.7143161,3.183287
397,3.301029996,3.0709155,3.485669
398,3,3.458939,2.807803
399,1.875061263,3.2967155,2.6075122
400,2.77815125,3.014933,3.2413254
401,3.079181246,3.010715,2.5752597
402,3.56937391,3.1374474,3.065828
403,3.491805102,2.8078568,3.2027996
404,3.698970004,2.4120946,2.4950385
405,3.217483944,3.6220474,3.2240603
406,3.301029996,3.4944932,3.422504
407,2.716003344,3.1531239,3.0311944
408,3.812913357,2.933975,3.1639044
409,2,2.725223,2.0982273
410,4.172213604,3.7966413,3.6517644
411,3.495405563,3.1256773,3.526745
412,3.86332286,3.7314503,3.526936
413,4.495544338,3.3699684,3.93401
414,1.505149978,2.615475,2.4046962
415,2.954242509,2.4517303,2.0059528
416,3,2.1460555,1.5982639
417,3.301029996,3.3911183,3.331716
418,3.022428371,3.2257466,3.421611
419,3.197280558,3.0358734,3.496669
420,3.51851394,3.393061,3.9125185
421,1.176091259,2.036248,2.5193813
422,3.754348336,2.8282073,2.9483042
423,2.773786445,2.7889457,1.9269297
424,2.852479994,2.5654297,2.5824344
425,2.84260924,3.0968287,2.705937
426,2.977266212,2.701181,2.799259
427,1.176091259,1.7563117,1.6705002
428,3.301029996,3.0241864,2.9667714
429,3.301029996,2.8423536,1.9642094
430,2.397940009,2.5319197,2.4958675
431,2.352182518,2.6080868,2.5074427
432,2.076154792,2.9479299,2.4632292
433,3.29666519,3.1747494,3.7410896
434,3.301029996,4.0233808,3.8767316
435,3.920253804,3.4483585,3.7249377
436,3.397940009,3.5687423,3.205199
437,3.954242509,2.4939847,2.485386
438,3.283301229,3.332247,2.9002342
439,1.442479769,2.1952367,1.3432761
440,3.531478917,3.0652876,3.2596996
441,3.691965103,3.7081656,3.4271822
442,3.164352856,2.6263022,2.0890195
443,3.273001272,3.492619,3.5792413
444,2.230448921,2.6743968,2.1920485
445,3.075546961,2.9904733,3.0325658
446,3.544068044,3.738722,3.5785005
447,3.84509804,3.4171183,3.3001719
448,3.122543524,2.8615825,2.7328029
449,1.322219295,3.1702585,2.9689422
450,2.602059991,3.6712768,2.653161
451,3,3.5156765,2.8075175
452,1.397940009,1.508441,1.9637549
453,3.206724709,2.6558716,3.2417352
454,2.136720567,2.7374516,2.9192445
455,3.531478917,3.4193156,3.2725196
456,2.670709595,3.2823238,3.0097933
457,3.584331224,2.7520282,2.144273
458,3.369215857,3.2341752,3.3773448
459,0.477121255,2.0608156,1.5288379
460,3.31386722,2.7767115,3.5016391
461,3.301029996,3.6187022,4.1447554
462,3.514348489,2.8270323,2.081423
463,2.380211242,2.0041604,2.428522
464,3.204119983,3.393668,2.9767234
465,1.176091259,2.2093277,1.991798
466,3.301029996,3.2635856,2.9738894
467,3.155336037,3.4996161,2.9870877
468,2.643452676,2.9359393,2.9634895
469,2,2.5108652,2.3219864
470,3.322219295,2.3790765,2.231518
471,2.198657087,2.7759292,2.2957501
472,3.698970004,2.982967,3.5961735
473,2.77815125,2.8461306,2.1969297
474,1.924279286,2.921642,2.4655209
475,3.227886705,2.9694545,2.4967892
476,3.698970004,3.6642969,3.253192
477,3.301029996,2.6006374,2.6028852
478,3.976625052,5.189151,3.7520401
479,1.832508913,1.5572934,1.0048611
480,2.641143471,1.6533713,1.7306734
481,1.875061263,1.8791881,1.5603964
482,3.451786436,3.1457505,3.3037288
483,3.161368002,2.7466867,2.6334631
484,3.089905111,2.943245,2.6362085
485,3.591064607,3.2861824,3.7552311
486,2.167317335,3.0401974,2.6264877
487,4.389166084,3.2471037,2.9334583
488,2.698970004,3.1227477,2.4203749
489,2.477121255,2.6958694,2.490739
490,2.477121255,2.8309877,2.7377949
491,2.477121255,2.6702683,2.4906192
492,2.477121255,2.6547492,2.374028
493,2.477121255,2.9657483,2.1889756
494,2.477121255,3.0075653,2.4126358
495,2.476469324,3.4752932,3.2239637
496,1.301029996,3.3750386,2.4621246
497,3.667452953,2.9603252,2.9515107
498,3.041392685,2.8552928,2.5610883
499,1.625312451,2.957275,1.7655959
500,2.949390007,2.8360696,2.7211792
501,1.903089987,1.705797,2.048232
502,3.512684396,2.9189227,4.047071
503,3.124938736,2.8422775,2.2633035
504,3.414973348,2.844085,3.011924
505,3.301029996,3.4168086,3.2771788
506,1.968482949,2.676864,1.9297284
507,3.544068044,3.1392143,2.87621
508,3.452297671,3.552563,3.4999275
509,2.653212514,2.3294878,2.2811906
510,1,3.0460548,2.7489276
511,3.698970004,3.7454073,3.9114
512,2.301029996,2.870696,2.5574439
513,2.397940009,2.7704668,2.5965245
514,2.397940009,2.6558738,2.2977352
515,3.822168079,2.501037,2.9645302
516,2.397940009,2.646729,2.6063726
517,2.910090546,3.198495,2.4203749
518,3.371067862,3.4501495,3.4077914
519,3.698970004,2.9866505,3.3424287
520,3,3.2952352,2.9017518
521,3.278982117,2.7186694,2.8358064
522,3.36486355,3.0774112,2.6685674
523,3.491361694,3.6274366,2.8545938
524,3.64607682,3.3825667,3.608425
525,3.619510721,3.031414,3.1409228
526,3.698970004,3.3028834,3.307504
527,3,3.4291928,3.025954
528,2,2.8192096,1.9876093
529,3.390935107,3.105176,3.3654246
530,2.322219295,3.2581887,2.377503
531,1,1.4410222,1.6166149
532,0.591064607,1.541481,0.8204067
533,4.033423755,2.8999038,3.2418098
534,4,3.4936657,3.9748144
535,2.480006943,2.9964046,2.7075791
536,2.875061263,2.6468325,3.3129125
537,2.397940009,2.5660253,2.9391406
538,3.021189299,2.8167808,2.3703496
539,2.439332694,3.6067808,2.5106368
540,3.698970004,3.519251,3.0335739
541,2.819543936,3.22231,2.671585
542,4.77815125,3.584955,4.5229754
543,2.892094603,2.3861413,1.5531687
544,0.243038049,0.7139156,1.3531604
545,2.250420002,2.394902,1.9090257
546,2.301029996,2.2364092,2.0130668
547,3.681241237,3.1930387,3.1836972
548,2.799340549,3.1643727,3.1816797
549,2.602059991,3.0811362,2.4991686
550,3.301029996,3.0287519,2.9709892
551,3.061954844,2.7179728,2.7200935
552,3.372819982,3.4824317,2.6680663
553,2.903089987,3.1627169,3.3296432
554,2.278753601,2.7881513,2.7842968
555,3.290034611,3.1459908,2.8245077
556,2.881099218,3.4676256,3.6360075
557,1.949390007,1.5845234,1.3959774
558,2.73239376,2.467318,2.912298
559,3.477121255,3.1703327,3.252143
560,3.301029996,3.1766875,2.713404
561,3.079181246,3.4459465,2.7279143
562,3.217483944,3.3585274,3.438255
563,3.113943352,2.8255143,3.4016726
564,3.167317335,3.2817578,2.4328809
565,3.301029996,3.6783109,3.3506799
566,3.113943352,2.4161813,2.8440104
567,3.376576957,3.3077238,3.3067446
568,3.64738297,1.9659588,2.338346
569,3.301029996,3.3132463,3.2113578
570,2.838849091,2.8442035,2.7655246
571,2.69019608,2.9188192,2.519615
572,2.209515015,2.6726995,2.5933366
573,3.525044807,3.1594348,3.465645
574,3.544068044,3.195374,3.2987149
575,3.301029996,3.340366,3.6635497
576,2.204119983,2.2457416,1.8692105
577,2.892094603,2.9738376,3.0733035
578,3.301029996,3.0836473,3.4820077
579,4.069298012,3.331077,3.8621464
580,2.954242509,3.1196148,1.7019552
581,4.204119983,3.2193265,3.8742795
582,3.176091259,2.0900745,1.9282981
583,3.302547372,3.5176737,3.3267803
584,1.801305686,2.209084,2.0017855
585,3.716003344,2.866351,3.139785
586,0.230448921,1.3421493,0.22814061
587,1.681241237,2.3861344,1.8822564
588,2.916980047,2.3355386,2.4599557
589,3.574841195,2.9705708,2.908297
590,3.301029996,3.1257339,3.155112
591,2.477121255,2.9583435,2.580182
592,1.451325808,3.1484342,1.8001508
593,3.232487866,2.9940774,3.5579906
594,3.491361694,2.9995584,3.6195185
595,3,3.171793,3.1331215
596,2.397940009,2.7246644,2.8278835
597,2.397940009,2.6219673,2.4718015
598,2.397940009,2.5940146,2.3728914
599,2.397940009,2.6002924,2.55459
600,2.397940009,2.6436422,2.55459
601,2.397940009,2.733338,2.5467207
602,2.397940009,2.7787683,2.5721796
603,3.10002573,2.6693335,2.7546606
604,2.152288344,3.2596996,2.6126606
605,2.477121255,2.8658166,2.761767
606,2.382017043,3.0792513,2.3780973
607,3.096910013,3.1240764,3.3679852
608,3.810232518,3.2634132,3.646538
609,3.255272505,2.9689872,3.0151484
610,3.06069784,2.4158585,2.7519984
611,3.505149978,3.7390447,3.6953628
612,3.423245874,3.1852777,2.4956222
613,3,2.5455666,1.9901053
614,3.301029996,2.8233366,3.6566727
615,3.301029996,3.4909208,3.32775
616,2.977723605,3.2203207,2.750047
617,3.698970004,3.3857417,2.4639223
618,3.524136377,3.3861842,2.855718
619,2.635483747,2.3906093,2.262008
620,2.681241237,3.2457767,2.9857423
621,1.799340549,3.09646,2.7338066
622,2.593286067,3.1044855,2.9997528
623,1.954242509,2.2998624,2.4205945
624,1.414973348,1.5991082,1.76254
625,2.875061263,3.3843,2.9916258
626,1.989004616,2.2100291,2.906724
627,3,3.2473648,2.9330783
628,3.849419414,2.0298576,0.882442
629,0.209515015,2.108053,0.6633727
630,-0.124938737,2.1319866,2.0357444
631,3,2.6172843,1.8062333
632,3.546727693,3.0891,3.5402231
633,2.477121255,3.1865249,3.0909905
634,2.805500858,3.1574538,2.5607939
635,4,3.1924365,3.0539184
636,2.908485019,3.2793345,2.7719698
637,2.352182518,2.9067366,2.580692
638,1.903089987,2.9521184,2.317309
639,0.700444101,0.9445533,1.042379
640,3.632457292,3.33314,3.5701368
641,3.477121255,3.5170467,3.3388207
642,2.758911892,2.348379,2.5651662
643,1.77815125,2.3306587,1.6352688
644,0.522965595,0.9167033,0.43480805
645,3.007178585,3.3975165,2.9132721
646,3.698970004,2.7436295,2.7896051
647,3.614127031,3.296815,3.1490226
648,2.477121255,3.4047694,2.4175818
649,3.465382851,3.3542097,3.316874
650,2.547774705,2.9140882,2.406891
651,2.909556029,2.7910023,2.7998781
652,3.086359831,3.5243504,3.3365853
653,3.096910013,2.819607,2.5875487
654,2.146128036,1.3297582,1.916193
655,2.975891136,2.4875138,1.6544764
656,3.811575006,2.4874215,1.7458106
657,2.792391689,2.798541,2.772224
658,2.898176483,3.222843,2.5153067
659,3.602059991,3.2015731,3.2286425
660,2.966141733,2.592381,2.805906
661,2.698970004,3.0566483,2.7271526
662,3.397940009,3.2849932,3.5092678
663,2.103803721,1.7285466,1.1701691
664,1.726727209,2.7831419,3.1176574
665,3.399673721,3.1686566,3.0752103
666,2.612783857,1.5197427,1.5386951
667,2.913813852,2.7516477,3.144545
668,4.213677102,3.5875626,3.8909807
669,1.903089987,3.3576474,2.4717453
670,2.929418926,2.8336086,2.507344
671,2.606464049,3.5326686,3.1861393
672,3.622214023,3.6205556,3.138695
673,2.982271233,2.913827,2.8895764
674,3.422097163,3.2514138,2.9754725
675,3.301029996,3.54814,1.8661647
676,3,3.2952826,3.4436138
677,0.84509804,1.6707056,1.2819564
678,0.875061263,1.7026362,1.1410196
679,0.544068044,1.8369763,1.0952189
680,3.475089803,3.2858708,3.7548351
681,2.622214023,3.2050614,2.7409277
682,4,3.4521837,3.596718
683,3.06069784,3.242296,3.5622804
684,3.064083436,3.2726166,2.7047067
685,0.785329835,1.5617845,1.1023114
686,3.477121255,2.9766781,3.7499974
687,2.250420002,2.4379666,2.986276
688,1.903089987,1.6366985,1.4034625
689,2.838849091,2.8777034,2.7732196
690,3.939519253,3.114909,3.0704963
691,3.227886705,3.0898507,3.198153
692,2.836324116,3.04431,3.1778753
693,3.5024954,3.32606,2.88813
694,2.903089987,2.47209,2.4776816
695,3.611723308,3.7744715,2.9601648
696,1.698970004,2.787151,2.701733
697,3.397940009,3.9282384,4.3138185
698,3.755874856,3.1155925,2.6791062
699,3.826074803,4.0291576,4.593855
700,0.77815125,2.0189779,1.4586688
701,3.022222105,3.2758574,3.4379678
702,4.041392685,3.771941,3.4600337
703,4.002597981,3.1062598,3.092807
704,3.301029996,3.5630784,4.131853
705,3.477121255,2.3121152,3.489339
706,4.505149978,3.8738952,3.989451
707,3.301029996,3.5317276,3.1937416
708,4.201397124,3.7343047,4.3578696
709,4.599883072,4.0288386,3.7177458
710,4.84509804,3.0078008,3.1875842
711,2.653212514,2.2664661,2.3361607
712,3.698970004,3.8680284,3.481216
713,3.24292523,3.4866962,3.2732663
714,2.243038049,2.2145922,1.5965952
715,3.021189299,2.702542,2.225498
716,3.301029996,3.2717378,2.653059
717,3.108903128,3.2444916,3.0314806
718,3.159629596,3.4111118,3.2682042
719,3.40654018,3.2325068,3.377566
720,2.25163822,2.3937643,1.6894268
721,3.951823035,4.343608,3.9314897
722,1.698970004,2.2030263,2.3073006
723,3.022531468,2.5269709,2.9368181
724,2.204119983,2.9548416,2.0662355
725,2.414973348,3.7599797,2.5392532
726,3.713700499,2.7395267,2.2649608
727,3.011993115,3.7378497,3.6757267
728,4.255272505,3.252933,2.9286337
729,2.97435815,2.9369423,3.0304835
730,2,1.9427464,2.2427626
731,2.767155866,2.864246,2.7848616
732,3.301029996,3.3884466,3.4800127
733,2.602059991,2.9072251,2.4045327
734,3.08278537,3.2813954,3.0960152
735,3.361727836,3.2171273,3.2151082
736,2.6599162,2.359813,1.1835898
737,3.322219295,3.4172816,3.0101526
738,2.666517981,3.2264678,3.1222425
739,4.301029996,3.1353922,2.3555064
740,3.342422681,3.2734702,2.9099336
741,3.602059991,3.4153044,3.3354208
742,2.397940009,2.3244746,1.9566759
743,4.348304863,3.889736,3.754978
744,2.353146546,3.1190872,2.4884539
745,2.800717078,2.6717954,2.5560634
746,3.176958981,2.918019,2.3851027
747,3.485366466,3.399181,3.315169
748,2.654176542,2.6507194,2.5575252
749,3.021189299,2.7815578,2.8678477
750,2.963787827,2.6493819,2.3248801
751,3.414973348,3.19689,2.8994534
752,3.614897216,3.114905,3.589619
753,2.23299611,2.5582378,2.3370242
754,3.025305865,3.2405984,2.6837478
755,2.06069784,3.6226592,2.2525947
756,3.851869601,3.225324,3.6058533
757,3.903089987,3.051332,3.3378665
758,3.301029996,3.054106,2.9149418
759,3.278753601,3.52113,2.926398
760,0.079181246,2.589764,0.3867915
761,3.397940009,3.2454417,4.027724
762,2.86332286,3.7958825,3.0181518
763,3.301029996,3.6732123,3.1542928
764,1.093421685,1.7658134,1.6244857
765,2.698970004,2.5846846,2.7424786
766,3.278753601,3.1844134,3.3780954
767,3.097074145,3.3566208,1.6466033
768,3.204119983,3.4856496,3.3762364
769,3.296240559,2.507249,2.2386076
770,2.477121255,3.012867,2.0171
771,2.954242509,2.8694115,2.906906
772,2.954242509,3.0054972,3.0028841
773,3.301029996,3.3117375,3.5804436
774,3.064457989,3.467118,2.5655026
775,2.648360011,2.7525966,2.717721
776,1.698970004,2.2806594,1.5796269
777,2.903089987,2.6676106,2.7559195
778,2.389166084,2.6761806,2.5986469
779,1.875061263,3.2864625,2.906393
780,0.876217841,2.5000172,1.3636122
781,0.477121255,1.912786,0.36482945
782,3.291590826,3.0530677,2.8634806
783,2.380211242,2.4834995,2.228675
784,3.698970004,3.4552712,2.7449026
785,4.016197354,3.611756,3.2832103
786,2.791690649,2.7152529,2.8106496
787,3.504810553,3.534194,3.4715626
788,2.42036838,2.9567065,2.0663998
789,2.812913357,2.9383464,3.0740442
790,4,3.297116,4.402633
791,3.278753601,3.32234,2.682974
792,3.136720567,3.1590745,3.6807053
793,3.698970004,3.2728097,3.0978107
794,3.364550995,3.494451,3.440422
795,3.602059991,4.4853573,3.7183716
796,3.929418926,3.0380774,3.2396197
797,3.855438387,1.9899836,1.4928669
798,3.602059991,3.6402767,3.0102584
799,3.301029996,3.4749844,2.8188167
800,3.301029996,3.3660479,3.2211876
801,3.84509804,2.4750736,1.7610375
802,3,2.0699925,2.1625822
803,2.698970004,1.9679744,2.4169257
804,2.929418926,3.2708933,3.1899655
805,3.120738406,2.9604023,2.7121823
806,2.447158031,2.8665218,3.571883
807,0.919078092,3.0783336,1.7686708
808,-0.096910013,2.6166484,2.4495952
809,2.698970004,3.592524,2.6342742
810,1.62324929,2.5021255,0.7599762
811,3.544068044,3.4734185,3.1565092
812,3.301029996,3.241674,3.6181824
813,3.365487985,3.9245076,3.8426154
814,3.531478917,3.5283198,3.207278
815,1.146128036,2.017956,1.8608265
816,2.342422681,2.8998206,2.7942488
817,1.949390007,1.7604959,1.1797587
818,3.84509804,3.236744,2.6544285
819,3.056904851,2.8476615,2.9045286
820,3.372359583,3.9003735,2.8766878
821,4,3.5209303,4.3135285
822,1.924279286,2.8626127,1.906118
823,3.176091259,2.7261593,2.3934538
824,3.017033339,2.146056,2.1518676
825,1.612783857,2.8951972,2.592914
826,3.77815125,3.2773156,2.4572225
827,3.33243846,2.4787867,2.6567843
828,1.792391689,3.055626,1.3933254
829,2.649821463,2.8136616,2.9903936
830,3.380211242,2.8699179,2.3414063
831,3.986771734,4.077898,4.0448093
832,3.528273777,2.9885583,3.1755211
833,4.176091259,3.8430276,3.8031325
834,3.255272505,3.1542766,3.0717473
835,3.875061263,3.7456346,3.1416907
836,3.361727836,2.699751,2.904299
837,3.602059991,3.1740177,3.4214013
838,2.271841607,2.3079774,1.7642212
839,3.578581911,2.5593665,3.321264
840,2.149219113,1.4918654,1.6291288
841,3.301029996,3.3792036,3.4097655
842,2.963210483,3.1955214,2.3943985
843,1,1.5162535,1.3554825
844,3.698970004,3.6772819,3.2881851
845,1.977723605,2.398907,2.3799794
846,2.041392685,2.4195552,2.6250057
847,2.397940009,2.4108293,2.7987435
848,3,3.1622047,2.7257588
849,1.991226076,1.7161148,2.1628213
850,3.187520721,2.413993,2.7862127
851,2.875061263,2.4476054,2.3670483
852,2.875061263,2.318582,2.272537
853,2.544068044,2.4346402,2.58767
854,2.748188027,3.0798476,2.6604538
855,1.770852012,2.3043375,1.7180008
856,2.806179974,2.6705136,3.5373263
857,1.330413773,2.170227,1.5144393
858,3.914475383,3.6644738,3.9428136
859,1.919078092,3.0444152,2.4594443
860,3.861534411,3.369484,3.4264095
861,3.135768515,3.5010297,3.333002
862,3.096910013,3.1828008,3.386021
863,2.591064607,3.0092435,2.0438015
864,3.505149978,2.8568745,3.0268886
865,2.857332496,2.5269253,2.582443
866,4.568201724,4.000973,3.989451
867,3.491361694,3.4887807,3.5066674
868,3.204119983,2.4656262,2.2343783
869,3.651471852,3.1379545,2.6657648
870,2.278753601,2.592909,2.1845424
871,3.567896437,2.7052414,3.1656947
872,2.833147112,2.2404487,2.6173677
873,3.086359831,3.002671,2.5192256
874,3.301029996,3.0049994,2.9278722
875,4.176091259,4.165734,4.4652247
876,3.698970004,2.570642,2.1283379
877,4.159266331,3.430873,3.4899948
878,4.053078443,3.1869745,3.6345499
879,3.301029996,3.7366197,3.6255732
880,3,3.1778896,3.2471964
881,3.079181246,2.926577,2.974852
882,2.716003344,2.9445398,3.1027703
883,3.459995256,3.0973053,2.6224463
884,3.131297797,2.720778,2.9798563
885,2.638489257,3.089944,3.0256302
886,2.812913357,2.841901,2.973079
887,2.908485019,3.3705344,3.462355
888,3.806179974,2.6574404,3.479476
889,3.266584447,2.485763,2.9949918
890,2.875061263,2.8917098,3.0175188
891,2.71432976,2.9580088,2.413876
892,2.57054294,2.1483915,2.9425564
893,4,3.6836786,2.3955321
894,3.650469422,3.417096,3.2496097
895,2.301029996,2.4496765,2.0107706
896,1.681241237,2.453576,1.5022622
897,3.698970004,2.8302906,2.6813095
898,2.394451681,3.076531,3.4276814
899,3.397940009,4.346222,3.7873251
900,2.727541257,3.4223237,3.3678277
901,4,3.7014527,3.1342175
902,3,2.513594,2.982171
903,2.041392685,2.7612038,1.8174044
904,2.960946196,2.7045403,2.8327544
905,1.799340549,3.084083,2.8904839
906,0.897627091,2.6104105,1.8812436
907,1.491361694,3.2372768,2.8295274
908,0.959041392,3.106719,3.1225889
909,3.542825427,2.909921,2.9200919
910,3.602059991,2.721548,2.6121922
911,2.698970004,2.9644928,2.5040252
912,3.301029996,2.2609394,1.872985
913,2.991226076,2.6436753,2.7169087
914,3.698970004,3.2032335,3.8700857
915,3.161368002,2.8654275,2.8744144
916,4.176091259,4.01528,4.084103
917,2.829946696,3.1103604,2.8024895
918,4.075546961,3.3405972,3.9160106
919,1.219872563,1.2523549,1.0075661
920,0.644537058,1.4672158,1.2832084
921,1.826074803,1.4703231,1.1167035
922,2.979092901,2.9944599,1.9378185
923,3.602059991,3.809031,3.2158425
924,2.937016107,2.9304512,3.2756076
925,2.903089987,3.0186956,3.3693376
926,0.899455702,2.4719827,2.2880092
927,1.176091259,2.059772,1.4097553
928,3.098643726,2.8480139,2.8871305
929,4.301029996,3.8336513,3.1820474
930,3,3.1025305,3.1592805
931,2.245512668,2.9536498,1.9321294
932,2.403120521,2.8569338,2.1080122
933,2.403120521,2.817908,2.2065272
934,2.568201724,2.8408215,2.3327687
935,1.939519253,2.8085692,2.4233778
936,2.096910013,2.0404096,1.6667813
937,3.301029996,3.002275,2.9448562
938,3.464936429,2.6437428,2.1722896
939,2.096910013,2.3832479,2.711605
940,3.253095586,3.0413756,3.255334
941,2,2.833756,2.1334696
942,3.462397998,3.252304,3.0196588
943,3.698970004,2.818669,2.1159418
944,3.301029996,2.611468,3.0846188
945,2.883661435,2.9236674,3.7175367
946,3.330413773,2.0208209,3.1961708
947,3.684246747,3.841091,2.6988556
948,2.217483944,3.0333104,2.2877598
949,0.892094603,2.615436,1.4526488
950,3.944153536,4.010808,3.6459272
951,2.602059991,3.4811122,3.0891573
952,3.041392685,3.0035434,3.1571496
953,2.740362689,2.734182,3.240442
954,3.149219113,2.798824,2.9923494
955,1.255272505,2.1300545,1.4755843
956,0.477121255,2.255348,2.489708
957,2.977723605,3.1728258,2.8539014
958,2.633468456,3.198924,2.5807555
959,3.698970004,3.565183,4.3935866
960,3.184691431,2.0098443,2.3076518
961,3.102090526,2.9871216,3.1218631
962,3.451786436,3.0001302,2.8560736
963,2.178976947,1.790139,1.8753475
964,3.459392488,2.7265465,1.9649657
965,2.278753601,3.654815,2.9558983
966,3.72427587,3.7607284,3.2497022
967,2.602059991,2.8531957,3.242897
968,3.261262869,2.7488494,2.2722888
969,4.053078443,4.057644,2.5561821
970,2.911157609,2.9689336,3.2620995
971,3.301029996,2.9100158,2.988887
972,2.204119983,2.4879086,2.4555018
973,2.811575006,2.438538,2.0892525
974,1.079181246,2.0020485,1.6731366
975,2.50242712,2.294925,1.9426297
976,2.301029996,3.0688317,2.1049254
977,3.698970004,3.186722,3.4191804
978,3,3.5469058,4.011881
979,1.799340549,1.4403598,1.558391
980,3.921686475,3.6103144,3.7611551
981,-0.68613278,2.4112465,-1.3901129
982,3.477121255,3.1401002,2.6631672
983,3.812913357,3.7372165,3.5968978
984,4,3.3200536,3.399291
985,3.301029996,3.5840485,2.1629732
986,2.669037801,2.8828356,2.2330797
987,3.041392685,2.9643552,2.9292886
988,3.204119983,3.1539915,3.253456
989,3.698970004,3.1682909,3.8130217
990,3,3.1616673,2.9547253
991,2.750508395,3.1535888,2.9686189
992,3.698970004,3.0208013,4.483826
993,2.301029996,3.0157373,1.7727782
994,2.682145076,2.9966214,3.0686197
995,3.571708832,3.4137807,3.9695668
996,4,3.4225795,3.8972058
997,3.591064607,2.7207458,3.349945
998,3.698970004,3.5323758,4.3068547
999,2.250420002,2.3885424,2.3570857
1000,2.255272505,2.1651044,2.3761756
1001,1.256453145,1.1306291,1.0986111
1002,3.698970004,3.4582875,3.6497548
1003,1,2.2714632,2.81332
1004,0.77815125,1.8507893,1.7450054
1005,1.462397998,2.89542,1.6303072
1006,2.355068206,3.4970458,3.4931495
1007,1.301029996,3.5815768,4.2074866
1008,2.31386722,3.0778992,2.994269
1009,2.84509804,3.79865,3.5005057
1010,2.579783597,3.351347,2.2540123
1011,2.73479983,2.941143,2.326082
1012,3.698970004,3.2790525,3.476114
1013,3.206825876,3.0675783,2.9538517
1014,1.698970004,1.9701755,2.1556175
1015,2.342422681,2.88937,2.8401198
1016,2.859138297,2.9206123,2.7650962
1017,1.537819095,2.703651,0.9654373
1018,4,3.0216484,3.2988634
1019,4.201397124,3.1758964,4.374512
1020,2.77815125,2.7636256,3.0001128
1021,3,3.0990407,2.6488953
1022,2.954242509,2.787486,2.7460027
1023,2.477121255,3.1569185,3.0956943
1024,2.920123326,3.2321424,2.409625
1025,1.079181246,1.981173,1.6712238
1026,2.73239376,2.4070222,2.5674555
1027,3.698970004,2.825733,3.665731
1028,3.463146137,3.0441725,2.4740226
1029,3.176091259,3.10675,2.6129804
1030,3.190331698,3.5614536,3.4216616
1031,2.84509804,3.136856,2.953043
1032,1.113943352,2.249448,1.7865164
1033,3.301029996,3.4287322,2.7708855
1034,2.792391689,3.1449378,2.5800722
1035,1.887898488,2.921921,3.49893
1036,3.230448921,3.3942165,3.323001
1037,3.301029996,3.0457501,2.856238
1038,3.5980606,3.1730309,3.3371994
1039,3.553822367,2.9489121,2.9684112
1040,3.053078443,2.912839,3.2432668
1041,2.80140371,2.9744096,2.494932
1042,1.477121255,2.8983946,2.082405
1043,2.937852093,3.3333976,3.6007793
1044,2.263636069,2.9868317,2.6682127
1045,3.40654018,3.6351929,2.8905118
1046,3.926856709,3.2859273,4.010848
1047,4.201397124,3.7343047,4.3578696
1048,3.075546961,2.7741258,3.1530359
1049,2.919078092,2.8134074,3.122922
1050,1.397940009,2.3999846,1.3865623
1051,2.305351369,3.19852,2.1543195
1052,1.397940009,2.3372037,1.1561025
1053,2.658011397,3.1586168,2.2853632
1054,2.903089987,3.0000637,2.5621216
1055,2.903089987,3.236769,2.682251
1056,2.155336037,2.5887852,1.8530458
1057,2.547774705,2.8767295,2.836555
1058,2.903089987,3.1500058,2.6592581
1059,2.144055027,2.695252,1.8939316
1060,2.62324929,2.234951,2.522316
1061,3.462397998,3.1436408,2.0131836
1062,3.06069784,3.0825248,2.9581246
1063,3.423245874,3.2595954,2.8935807
1064,3.208172527,3.0206344,2.5243778
1065,3.954242509,3.9270294,3.3498883
1066,1.602059991,3.1980536,3.120217
1067,2.068185862,2.971954,2.2117717
1068,3.309630167,3.0575285,3.0402722
1069,2.698970004,2.188686,2.4562001
1070,3.468051791,3.227059,3.3111646
1071,2.579783597,2.8537614,3.3491879
1072,2.997211583,3.3556645,3.065383
1073,2.641474111,3.3556645,3.0950332
1074,2.83457964,3.0298705,3.2279642
1075,3.431363764,3.1735265,2.9744747
1076,2.77815125,2.8042762,1.8278846
1077,1.903089987,2.730606,3.131141
1078,1.698970004,2.1474934,1.6317939
1079,0.301029996,1.9419937,0.1798363
1080,4,3.07508,3.99312
1081,2.477121255,3.7608624,3.2040784
1082,3.36660971,2.667878,2.8863916
1083,3.929418926,3.3380694,2.6734452
1084,4,3.3393424,3.2894323
1085,3.150449409,2.872725,2.9627016
1086,3.602059991,3.1273446,2.0572333
1087,3.748188027,3.259433,3.4140744
1088,4.204119983,3.053569,3.8179154
1089,3.301029996,3.5360103,3.383106
1090,1.929418926,2.915554,2.808894
1091,2.212187604,3.0238986,2.2860248
1092,2.574031268,2.163416,1.8702306
1093,2.951677437,3.0252137,2.8991253
1094,3,3.2956915,2.4934337
1095,3.301029996,3.514839,2.7093375
1096,4,3.5066485,4.6729617
1097,2.903089987,3.1003962,3.0331013
1098,3,3.450386,2.9570503
1099,3.477121255,3.2778733,2.8719816
1100,3.632457292,2.9379916,3.2618108
1101,3.875061263,3.356368,3.4041817
1102,3.264817823,3.244285,3.09377
1103,3.883661435,3.0296593,3.3024771
1104,3.698970004,2.9106553,2.427918
1105,4.389166084,2.7412457,3.3184927
1106,3.505149978,3.1481013,2.9588268
1107,1.774516966,2.8223896,2.066153
1108,3.698970004,2.9592206,3.2232113
1109,2.886490725,2.890167,2.9310005
1110,3,3.4332454,3.977533
1111,3.440256039,2.9040227,3.4610715
1112,3.545059585,3.3527157,4.448056
1113,3.712397131,3.6027515,2.3899233
1114,3.477121255,3.383934,3.573488
1115,3.079181246,3.3552835,3.0890644
1116,3.698970004,3.8157303,3.3613343
1117,4,3.1014526,3.2602308
1118,3.3441269,2.8198647,2.342151
1119,2.477121255,3.0000277,3.369012
1120,3.698970004,3.380927,3.5320914
1121,4,3.1255105,2.8789816
1122,2.602059991,2.943221,2.7389991
1123,2.396199347,2.9562793,2.767302
1124,3.698970004,3.7267227,4.1021523
1125,1.77815125,3.1748576,2.8904521
1126,3.33405144,2.8062565,2.7411077
1127,2.668385917,2.9908667,3.3981133
1128,2.021189299,2.8056328,1.3735421
1129,3.235528447,3.2262259,3.4059207
1130,1.383815366,2.9671326,1.6324947
1131,3.86923172,3.4879894,3.3457756
1132,3.698970004,2.8175495,2.8495667
1133,2.176091259,2.442326,2.4255116
1134,3.367914739,3.1730309,3.3975785
1135,3.301029996,3.6171296,3.6330733
1136,3.301029996,3.4049988,3.9118888
1137,4.204119983,3.0952413,2.4215827
1138,3.602059991,2.9415512,3.4513052
1139,1.431363764,2.2379065,2.3318286
1140,3.301029996,3.514492,3.0697944
1141,3.77815125,3.077886,2.9747465
1142,4,3.2974052,3.7903855
1143,2.505149978,2.9422393,3.4240897
1144,4.441593029,3.7857523,4.175256
1145,3.477121255,3.5666432,3.298381
1146,2.053078443,5.8979692,2.2246904
1147,3.113943352,3.2040868,2.5975363
1148,2.583198774,2.7299266,3.0108182
1149,1.568201724,1.4217978,1.3586522
1150,3.301029996,3.6909533,3.6210787
1151,1.755874856,10.0247135,2.3323345
1152,3.346352974,3.0634985,2.987301
1153,4,3.7482412,3.9428136
1154,3.698970004,3.4999352,3.5130281
1155,4.086359831,3.715948,3.6282828
1156,4.230448921,3.4596958,3.2634778
1157,2.770852012,2.9297447,3.0726855
1158,0.457377197,2.5647964,2.515027
1159,3.301029996,3.3556645,3.3580446
1160,3.633468456,3.886321,3.7916741
1161,3.120573931,3.0969489,3.613689
1162,3.301029996,3.2260814,3.2317436
1163,2.666049738,3.3137176,2.4297886
1164,3.301029996,2.8937247,3.0534635
1165,3.477121255,4.198006,3.8473845
1166,3.188084374,3.237002,2.7571366
1167,2.075546961,2.7994459,2.220697
1168,2.799340549,3.0178013,2.1452372
1169,3.698970004,3.515904,4.1516333
1170,3.954242509,3.1375837,3.5791492
1171,3.219710239,2.6311266,3.488319
1172,3.346157302,2.8574133,2.7345614
1173,4.305124368,3.643714,3.257934
1174,4.397940009,3.2233176,3.751784
1175,3.146748014,3.132492,2.95716
1176,3.800029359,3.5032012,3.214447
1177,4.380211242,4.0859914,3.3180082
1178,2.84509804,3.0568454,2.7004793
1179,3.448397103,3.23812,3.726334
1180,2.130333768,3.029333,2.3972573
1181,2.790988475,2.435582,2.658952
1182,1.698970004,3.2079515,3.4459429
1183,3,3.009578,2.99075
1184,3.089905111,2.9035335,2.2826095
1185,3.361727836,3.1653664,2.3966863
1186,3.711638538,3.477629,2.693722
1187,3.255272505,3.1632547,3.1826346
1188,3.505149978,2.8153381,2.836223
1189,1.342422681,1.8092499,0.5600264
1190,3.322219295,3.0818498,1.8176758
1191,2.612783857,3.226052,3.6398318
1192,3.662757832,3.8038342,3.9428136
1193,2.220108088,2.742982,2.3002865
1194,2.397940009,3.3717504,2.590329
1195,4.472756449,4.146104,2.3130248
1196,3,3.5939636,3.1692865
1197,3.278753601,2.9071267,3.3318985
1198,3.176091259,2.9313624,2.156132
1199,3.698970004,3.0143263,2.9014995
1200,3.301029996,2.8516622,3.4312015
1201,4.056904851,3.789561,3.8108437
1202,4.181843588,4.0698676,3.5173051
1203,2.810232518,3.1962986,2.8224485
1204,2.506505032,3.1081202,2.7207034
1205,3.333850145,3.3819494,3.6230812
1206,2.33243846,3.1839626,2.3335972
1207,2.62324929,2.8762176,2.5110018
1208,3.698970004,3.6208012,3.2990363
1209,4.006466042,2.982526,2.735745
1210,3.40654018,2.7099133,2.6047955
1211,2.973127854,3.1686707,2.7708333
1212,2.812913357,2.8188155,2.8612
1213,2.991226076,2.8900409,3.1149359
1214,3.698970004,3.0375173,2.0158684
1215,2.418301291,3.3766708,3.4223526
1216,3.520021637,3.3171132,3.4673057
1217,2.517195898,3.0538986,2.2838056
1218,2.361727836,3.2370682,2.487523
1219,3.397940009,3.3970385,2.928289
1220,3.602059991,3.1115952,3.6456563
1221,4,3.4934552,3.1137755
1222,3.477121255,3.0183299,2.1998508
1223,2.390935107,3.2359009,2.801823
1224,3.698970004,3.3277004,2.3165536
1225,1.193124598,2.54257,2.5506823
1226,1.397940009,2.0969687,1.547275
1227,3.477121255,3.4702947,3.4753563
1228,3.698970004,3.682953,3.846206
1229,2.84509804,2.5297832,3.0457482
1230,3.84509804,2.7293618,3.2406447
1231,3.698970004,3.2926588,3.8126652
1232,4.204119983,3.9020486,3.3869922
1233,3.763427994,3.3150058,3.7194142
1234,3,3.6551728,2.9889026
1235,3.477121255,4.1305084,3.332047
1236,4.204119983,2.5829024,2.5032487
1237,2.994317153,3.1037457,2.388337
1238,3.591064607,3.3590071,3.2696187
1239,3.698970004,3.708113,3.021524
1240,3.698970004,3.5153735,3.2613914
1241,3.176091259,3.2261722,2.8798592
1242,2.638489257,3.0095663,2.6859655
1243,2.227243782,3.3668346,2.8067405
1244,3.079181246,2.4272516,1.9691362
1245,3.290034611,2.3724542,2.5282595
1246,3.130333768,2.8780446,2.4824593
1247,3.591064607,2.7321773,2.8256009
1248,2.133538908,2.4513395,2.457784
1249,2.929418926,2.909746,2.7451956
1250,3.161368002,3.4161937,3.4930003
1251,2.477121255,2.773716,2.3097415
1252,3.698970004,4.087769,4.0453873
1253,2.292256071,2.6415613,2.1054246
1254,0.301029996,1.099926,0.26900482
1255,3.354684554,2.7812996,2.581787
1256,2.322219295,3.0052085,1.8216301
1257,2.957846634,2.856422,2.9919994
1258,3,2.3762157,2.679564
1259,2.850646235,2.8573887,2.6013026
1260,2.555094449,2.962904,2.8074362
1261,4.005395032,3.4137154,2.8536527
1262,3.771587481,2.733957,2.1703763
1263,3.397940009,3.2512553,3.0073578
1264,3.247973266,3.3300662,3.398186
1265,4.193124598,3.527721,3.1785834
1266,2.740362689,2.0530639,2.161688
1267,2.411619706,3.488201,3.4954903
1268,3.380211242,3.2035916,3.1035419
1269,1.698970004,3.056581,2.5895972
1270,1.556302501,2.502555,2.5649362
1271,3.812913357,3.4658382,3.3360615
1272,2.980911938,3.4091585,3.250225
1273,2.72427587,3.096397,2.6794276
1274,3.5774918,3.3567667,2.278728
1275,2.247973266,3.058304,3.0304155
1276,2.612783857,3.0219438,2.8036716
1277,3.477121255,2.1892474,2.7843468
1278,1.949390007,2.8150594,2.12203
1279,3.101747074,3.2773156,2.4572225
1280,3.602059991,3.6346612,3.3993034
1281,3.267171728,3.0549238,3.3910418
1282,4.015639134,2.994683,2.264746
1283,3.041392685,2.7626839,3.453187
1284,2.970036777,2.9062593,2.0536075
1285,3.240798771,3.3633454,3.1951644
1286,3.352182518,2.3137243,2.5887907
1287,2.99343623,3.1949577,3.3826618
1288,2.399673721,2.6426585,3.0145738
1289,2.255272505,2.2495492,1.9510736
1290,3.301029996,3.5207524,2.5214987
1291,3.67669361,3.3167949,2.858327
1292,3.670555069,2.8835435,3.757573
1293,2.342422681,2.6940928,2.3140635
1294,3.397940009,3.7121656,3.2420928
1295,3.301029996,2.4687564,3.6266558
1296,2.903089987,3.4567916,3.1260395
1297,4.138302698,2.954468,2.5286908
1298,4.049992857,3.3534787,3.499682
1299,2.792391689,3.1571453,2.671768
1300,2.954242509,2.7146676,2.5682557
1301,2.786751422,2.9932694,2.8343265
1302,3.698970004,3.3496907,3.859729
1303,3.029383778,2.2832236,3.0069277
1304,3.053078443,3.234321,3.5084934
1305,2.875061263,3.2200947,3.7815351
1306,2.478566496,1.6547174,2.4438748
1307,2.602059991,2.9771147,3.0117874
1308,3.301029996,2.8835087,2.786281
1309,3.740362689,3.4157057,2.8753338
1310,3.495197318,3.1988504,3.048909
1311,4.176091259,9.738791,2.5525784
1312,2.934498451,2.5922275,2.4578097
1313,3.698970004,3.1974819,3.1574697
1314,3.20996159,2.637849,3.5871477
1315,3.627877695,2.8222122,3.3485024
1316,3.301029996,3.2664773,3.7233994
1317,2.397940009,3.0261335,1.677883
1318,3.278753601,2.7013724,3.0659182
1319,1.86332286,3.320928,2.2150078
1320,2.025305865,3.3181884,2.3812928
1321,3.51851394,3.261084,3.427293
1322,2.602059991,2.383228,2.520595
1323,3.271841607,3.4775717,3.3024173
1324,2.851258349,2.5550284,2.6567805
1325,3.799340549,2.767978,2.833274
1326,2.537259257,3.2449667,3.2239451
1327,3.698970004,3.9177985,3.923612
1328,4,4.2067885,3.0680864
1329,3.591064607,3.2538185,2.9426181
1330,3.397940009,3.0466974,2.765406
1331,2.361727836,2.5479865,2.7541792
1332,2.602059991,3.1644814,3.252616
1333,1.740362689,2.0310676,1.5466217
1334,2,3.275806,2.952003
1335,2,3.3103352,2.952003
1336,2,3.3793933,2.952003
1337,3.512684396,2.9189227,4.047071
1338,2.176091259,2.7993643,2.9677544
1339,3.301029996,3.371702,3.1029134
1340,4.222391279,3.7274168,2.5220408
1341,3.477121255,2.9328048,3.6703172
1342,3.810309343,3.6597157,3.045601
1343,3.556302501,3.2043521,3.0953312
1344,2.418301291,2.3182812,2.4081938
1345,2.984077034,2.597628,2.7259517
1346,4.064457989,3.2302206,3.0609896
1347,3.174641193,3.8450284,3.5108163
1348,3.698970004,3.3757064,2.4268785
1349,1.579783597,1.1844699,1.6545477
1350,2.33243846,1.5867095,2.1112623
1351,1.130333768,2.3269813,2.1226513
1352,1.643452676,2.7988238,1.5187026
1353,2.650307523,3.080472,2.4836428
1354,3.505149978,3.3461306,2.1972506
1355,3.146128036,3.4994924,4.0802383
1356,2.286591183,2.3172953,2.481606
1357,1.698970004,2.8069859,2.6113663
1358,2.301029996,3.0829437,2.6624124
1359,3.375114685,2.9920857,2.78368
1360,3.562015145,2.835925,2.7934945
1361,3.396199347,3.4916394,3.1433227
1362,2.698970004,2.856862,2.5717242
1363,0.991226076,1.5099444,1.5769943
1364,2.146128036,2.5842545,2.8075874
1365,3,2.6057496,2.7135913
1366,3,2.973494,2.9903247
1367,1.544068044,2.4915073,2.4854395
1368,3.698970004,3.2176006,2.968906
1369,4.037426498,3.7350137,3.8572357
1370,0.770852012,2.546399,1.0355313
1371,2.875061263,3.3569787,3.2002783
1372,2.698970004,3.0906312,2.4252844
1373,2.301029996,2.5438383,2.5398686
1374,3.478395945,3.7555113,3.518157
1375,2.617000341,2.8160546,1.8508173
1376,4,3.4395428,3.1462355
1377,3.602059991,3.4310093,2.9526618
1378,3.649334859,3.1097598,2.8731296
1379,3.068185862,3.27597,2.8766508
1380,3,2.5456839,2.955044
1381,1.531478917,2.8738394,1.433842
1382,3.658011397,2.9632664,3.078973
1383,3.699837726,3.1956336,3.6806433
1384,3.698970004,3.544864,3.3340547
1385,2.903089987,2.9852674,2.6996467
1386,2.84509804,3.0893388,2.8657043
1387,3.171872656,3.4474802,3.5788276
1388,3.689308859,3.4450629,3.4207342
1389,0.99409709,1.3840921,0.96893346
1390,1.301029996,2.7658517,2.5394785
1391,1.662757832,2.9719107,2.8447976
1392,3.314393957,3.358661,2.9601345
1393,3.450249108,2.8399112,2.8916914
1394,3.301029996,3.1998596,2.8584998
1395,3.698970004,2.8274486,3.5937345
1396,3.69019608,3.5722876,3.7531066
1397,0.045322979,1.7268274,0.46734962
1398,0.549003262,1.9062066,1.3859246
1399,3.698970004,4.4562697,3.8195045
1400,2.264817823,2.8208902,3.1486635
1401,2.539076099,2.9914057,2.7403731
1402,2.846337112,3.1406057,2.7396178
1403,-0.083546051,3.3611846,3.5587783
1404,3.700703717,3.4587088,3.5696044
1405,3.544068044,3.0641093,3.3092203
1406,3.961933402,0.36243725,2.7849128
1407,3.722222464,3.4323318,3.5669348
1408,3.903993826,3.2187681,3.0708172
1409,3.698970004,3.1507416,2.6405818
1410,3.698970004,3.8078854,3.652669
1411,3.698970004,3.6771066,2.8530064
1412,3.045322979,3.2566824,3.0731373
1413,2.707570176,3.180626,3.0915506
1414,1.991226076,3.1118073,2.2751594
1415,3.260071388,3.1106107,3.0700684
1416,2.079181246,3.0583854,1.8581369
1417,2.919078092,1.5038989,1.7654871
1418,3.698970004,3.6977923,4.2397523
1419,3.301029996,3.6681395,1.9895042
1420,4.294466226,3.8312542,3.6165874
1421,3.301029996,3.1873474,2.8476439
1422,2.135662602,2.567623,2.9003823
1423,1.472756449,3.2004542,2.107217
1424,3.698970004,3.8290727,3.753765
1425,2.544068044,2.6772847,3.0258005
1426,3.544068044,3.5795667,3.981091
1427,3.692846919,2.916243,3.373222
1428,4,3.5557165,3.141991
1429,3.08278537,2.8715627,2.754806
1430,3.783188691,2.3229544,2.2332585
1431,3.301029996,3.335656,4.1431956
1432,3.698970004,3.0601714,2.836634
1433,3.301029996,3.5027509,3.977019
1434,4.541579244,4.2067885,3.0680864
1435,3.301029996,3.42753,3.8921988
1436,3.209515015,3.4399111,2.915029
1437,2.301029996,2.9182067,2.1945393
1438,4,3.697426,3.3667226
1439,3.301029996,3.3371396,3.547582
1440,3.301029996,3.0960503,3.175115
1441,3.187520721,3.2322788,3.0532866
1442,3.698970004,3.5864365,3.2575924
1443,3.494015375,3.1299877,3.4389567
1444,3.698970004,3.642824,3.5129309
1445,4.439332694,3.3273804,3.4335394
1446,3.373831145,3.5263908,3.4019144
1447,2.269512944,2.9973884,2.7148466
1448,3.359835482,3.1383038,3.5982497
1449,3.698970004,2.9285715,3.367113
1450,1.851258349,3.0235307,3.4443703
1451,2.078456818,3.134765,2.3650563
1452,3.301029996,3.158217,4.0734596
1453,4.204119983,3.3221493,3.3551495
1454,3.041392685,2.837074,3.0567048
1455,1.544068044,2.1956728,1.9942968
1456,3.301029996,3.2159722,3.05688
1457,2.041392685,1.795861,1.8499682
1458,3.05298235,3.454746,2.521375
1459,4.176091259,3.0982344,3.0368896
1460,4.030734617,3.505372,2.560667
1461,1.375663614,3.0252645,1.6296127
1462,2.053078443,2.3208494,1.9962507
1463,4,3.6211653,4.18098
1464,3,3.2273674,2.8744915
1465,3.083144143,3.0786505,2.8293808
1466,2.367355921,2.6158712,2.6367002
1467,2.849419414,3.0275257,2.8017647
1468,3.041392685,2.2636943,1.9207108
1469,2.648360011,3.1142106,3.4155993
1470,3.698970004,3.2414544,3.528829
1471,3.146128036,2.9802709,2.7563152
1472,3.800717078,2.4781475,2.8732324
1473,3.301029996,2.8761268,3.4806747
1474,3.070776463,3.0688455,2.7614756
1475,3.095169351,3.4516895,3.3842795
1476,3.380211242,2.7491179,2.8326514
1477,3.664618474,2.963433,3.4844062
1478,2.540329475,2.6175332,2.6734254
1479,3.698970004,3.1416829,3.8057668
1480,3.243038049,2.960443,3.359577
1481,3.698970004,3.1043904,2.6080625
1482,3.301029996,2.8638754,3.094875
1483,3.096910013,2.4941144,2.9063199
1484,3.698970004,3.464924,3.6663344
1485,2,3.2712882,2.5587826
1486,2.698970004,2.3234766,1.6045423
1487,2.397940009,2.9393587,2.843357
1488,3.217483944,3.1193905,2.719386
1489,3.531478917,3.3916235,2.7243023
1490,2.77815125,3.6034942,2.4762793
1491,2.937852093,3.2712686,2.5432932
1492,3.338456494,2.9757164,3.31005
1493,3.334453751,3.0016952,3.221536
1494,3.959994838,3.9843762,3.878581
1495,3.020775488,3.1911483,2.5027328
1496,3.342422681,3.3392498,3.21827
1497,3.666517981,3.7114763,3.3502545
1498,3.875061263,3.5447814,3.2575145
1499,3.176091259,2.7812495,2.8987467
1500,4.136720567,4.243203,3.9106932
1501,3.301029996,3.4397216,3.8677459
1502,2.033423755,0.9534271,2.12942
1503,3.130333768,3.8524332,2.4712179
1504,2.301029996,1.9600024,1.5630418
1505,3.57634135,2.9930038,4.155237
1506,3.33243846,3.6780875,3.624587
1507,3.496957309,3.5227163,2.5543468
1508,2.875061263,3.4662602,2.5850513
1509,3,3.6928282,4.2679524
1510,3.389166084,3.3985338,3.119159
1511,3.301029996,2.7674763,1.9708279
1512,3.698970004,3.0782058,3.1678097
1513,3.112437417,2.8162305,2.863206
1514,2.833784375,4.716845,2.5714562
1515,3.51851394,3.9387937,2.5751858
1516,2.303196057,2.8730116,2.9742284
1517,3.062957834,3.4590752,2.3494468
1518,3.301029996,3.6227584,2.571994
1519,3.674769314,2.9030654,2.445684
1520,3.301029996,3.3969896,2.1725433
1521,3.698970004,3.051765,3.8891642
1522,3.049218023,2.8516746,2.7176647
1523,3.204119983,3.3498588,2.7593145
1524,3.301029996,2.031451,2.9099643
1525,2.096910013,3.3534577,2.2202504
1526,1.982271233,2.5357854,1.1715834
1527,3.635483747,3.160209,2.418225
1528,3.698970004,2.782783,2.102771
1529,2.658011397,2.8723989,1.9760131
1530,3.301029996,3.1437266,3.9670837
1531,3.301029996,3.0667944,2.9075737
1532,2.675778342,3.1921246,2.7012382
1533,2.954242509,3.0152867,2.558463
1534,3.436162647,2.7482727,2.4468515
1535,1.041392685,2.095874,1.7299597
1536,3.176091259,3.0250921,3.377127
1537,3,3.2671692,2.6918821
1538,3.218272854,3.1935687,3.3900473
1539,3.737987326,3.0217803,3.027097
1540,3.918161445,3.5035896,2.577946
1541,3.45535251,3.2760978,3.4231007
1542,2.278753601,2.8018353,2.1924407
1543,2.245512668,2.9167898,2.6282232
1544,3.072617477,3.156005,3.5451026
1545,3.495405563,24.767633,2.28781
1546,3.698970004,3.0625136,2.6422195
1547,2.397940009,3.4028437,3.3803523
1548,2.77815125,2.5900388,2.635237
1549,3.641969598,3.508639,3.386136
1550,2.436162647,2.3067203,2.0552557
1551,0.770852012,1.7128787,0.4479228
1552,3.152288344,2.554223,3.4875793
1553,3.431363764,2.7684379,3.4489906
1554,3.51851394,2.9644709,3.010383
1555,2.977723605,2.7115123,2.7575953
1556,3,2.919018,2.552746
1557,3,3.0186296,2.634896
1558,3.491361694,3.8074627,2.9217646
1559,2.167317335,2.8486352,2.024469
1560,3.698970004,3.4463358,3.163299
1561,2,3.0961258,2.010766
1562,2.33405144,2.3653781,2.3979073
1563,2.574031268,3.347351,2.438335
1564,2.920123326,3.1989124,2.8563442
1565,2.656098202,3.0006716,2.479468
1566,1.45484486,2.9744697,2.5232658
1567,3.340245762,3.228065,3.2409816
1568,2.492760389,2.7324784,2.4087284
1569,3.602059991,3.2351353,3.421368
1570,3.301029996,3.2097173,2.8607981
1571,3.500602351,2.7773771,2.2052093
1572,4.350248018,4.5656095,4.539211
1573,2.919078092,3.108479,3.7531707
1574,3.456517858,2.8922694,2.4271877
1575,2.698970004,3.3304608,2.59084
1576,2.698970004,3.2533848,2.206309
1577,2.698970004,3.182609,2.561515
1578,2.698970004,3.2168863,2.5798168
1579,3.402261382,3.5340896,3.1259196
1580,2.698970004,3.1095185,3.1406462
1581,2.698970004,3.0956297,2.423483
1582,2.698970004,3.171496,2.416769
1583,2.698970004,3.021894,2.7484498
1584,2.698970004,3.2103834,2.9112961
1585,2.698970004,3.0771945,2.5647676
1586,2.698970004,3.1252847,2.8226907
1587,2.698970004,3.1755946,2.79378
1588,4.477121255,3.9291523,3.5921583
1589,4,3.315189,2.8023841
1590,4.225309282,3.4823203,3.6201787
1591,3.698970004,3.3466609,2.9779868
1592,3.619719266,3.164864,2.4346652
1593,2.954242509,2.882315,2.5616107
1594,1.380211242,2.7200167,3.35515
1595,1.230448921,2.752916,3.0663862
1596,0.954242509,2.4973273,1.3634051
1597,4,2.9726021,3.876578
1598,3.301029996,3.5540988,3.7831721
1599,3.698970004,2.5501952,3.375779
1600,3.875061263,3.321546,3.7240765
1601,3.46746011,3.4749825,3.2726347
1602,3.555094449,2.891066,3.0271628
1603,3.73239376,3.2132094,3.0066516
1604,3.903089987,3.0489032,2.6611967
1605,3.903089987,3.0683599,2.8710515
1606,3.477121255,3.559649,3.2839267
1607,3.903089987,2.873767,3.7446508
1608,3.903089987,3.2094407,3.8674333
1609,3.903089987,2.920627,3.6606815
1610,2.212187604,3.0876338,2.3868382
1611,4,4.1098046,5.0638704
1612,3.301029996,3.6032312,2.9400454
1613,2.972202838,2.697137,2.4546041
1614,4.301029996,3.707682,2.0595973
1615,2.792391689,2.8561027,2.6144457
1616,3.278753601,3.528614,2.927261
1617,3.301029996,3.2242012,3.3098757
1618,4.069421409,3.6089234,3.2595568
1619,3.544068044,3.5000834,2.969735
1620,4.471291711,3.797681,4.084103
1621,3.698970004,3.4122562,4.0000496
1622,3.047274867,3.365738,2.755321
1623,2,2.0514338,1.2792346
1624,0.653212514,2.3280766,1.101649
1625,4,3.0437825,3.2303395
1626,3.503790683,3.209358,3.4198906
1627,3.698970004,3.5485733,2.9986165
1628,3.681241237,3.1678941,3.0956345
1629,3.241297387,3.352068,3.0691016
1630,3.139459275,2.8115833,3.0005374
1631,3.698970004,2.960688,3.0317252
1632,3.415900338,3.2657404,3.3020208
1633,3.662757832,3.5020716,3.608874
1634,2.77815125,2.7226644,2.327501
1635,3,3.3095853,1.7140794
1636,2.698970004,3.2220433,2.8388355
1637,1.591064607,2.3989675,1.8311807
1638,3.089905111,3.210058,2.662185
1639,2.949390007,3.0415149,2.9433193
1640,3.698970004,3.0639424,3.0703409
1641,3.872156273,2.6614683,3.264817
1642,3.019946682,2.779946,2.827214
1643,3.301029996,3.3522413,4.101951
1644,3.301029996,3.4023035,2.6956935
1645,3.698970004,3.015603,3.8651018
1646,3.447158031,2.8865373,2.9409914
1647,1.698970004,2.0686593,1.2150753
1648,4.06069784,3.4301424,3.8404539
1649,2.612783857,3.1861162,2.3860981
1650,3.193124598,3.5120993,3.7932544
1651,2.726998728,2.744437,2.8808315
1652,3.01494035,2.8763037,3.1277277
1653,2.170261715,2.7282355,2.704048
1654,3.301029996,3.4780002,3.8895538
1655,3.602059991,3.796471,4.0135045
1656,3.255272505,3.2948284,3.0691078
1657,3.602059991,3.342332,3.2304516
1658,3.477121255,2.76881,3.490078
1659,3.505149978,3.3487794,3.5820684
1660,3.183340085,3.5340252,3.212824
1661,3.229937686,3.0450168,3.4019003
1662,2.389166084,3.2026565,3.289547
1663,2.414973348,3.475728,3.2329063
1664,4,4.755841,3.9485765
1665,2.301029996,2.6781793,2.2548254
1666,2.40654018,2.8362637,3.1678805
1667,2.812913357,2.8611314,2.7869368
1668,0.683947131,3.0492537,2.3356352
1669,3.301029996,3.0988545,2.887933
1670,2.825426118,2.2081292,2.6737592
1671,3.397940009,3.485432,3.6026902
1672,3.397940009,3.2988992,2.9575956
1673,3.397940009,3.3680377,2.9441242
1674,3.397940009,3.5137482,3.6667929
1675,3.397940009,3.219394,3.2516458
1676,3.278753601,2.763755,3.1605322
1677,3.602059991,3.4070876,3.8281589
1678,3.352182518,3.0810382,2.092822
1679,3.301029996,2.7708898,3.701951
1680,3.347004579,3.1854775,2.9589164
1681,3.431363764,2.869837,2.8024657
1682,0.867585327,1.2649508,0.64674234
1683,1.886490725,1.311523,1.3787408
1684,2.012837225,1.9523554,1.0749291
1685,1.612783857,1.6268919,0.67738545
1686,1.496528363,1.4140441,1.5524045
1687,0.59505509,1.2231615,0.93735844
1688,0.812110841,1.1183484,0.805371
1689,2.932473765,2.4667182,2.4623272
1690,3.301029996,3.2316527,3.545789
1691,2.414973348,3.0138764,2.596968
1692,3.477121255,2.7967815,3.0596702
1693,2.250420002,2.9997551,2.2863755
1694,4.340979217,-2.6734922,2.7195368
1695,4.301029996,3.731967,4.1216993
1696,2.903089987,2.8721323,2.6886456
1697,2.698970004,4.7283063,2.847992
1698,3.041392685,2.7500808,3.590459
1699,3.602059991,3.013558,3.154267
1700,2.77815125,3.5884795,3.7080336
1701,4.10720997,3.3867702,2.9091752
1702,2.740362689,3.2588773,3.4396617
1703,3.698970004,3.1436436,3.1217597
1704,2.903089987,3.2184439,2.5210297
1705,3,3.2325454,3.4090035
1706,2.597695186,2.6974187,2.7633028
1707,2.935507266,2.6687922,2.857658
1708,3.301029996,2.808944,2.4598446
1709,3.301029996,2.9296134,2.9207768
1710,1.602059991,2.6799157,1.8793658
1711,3,1.8698082,1.6100724
1712,3.041392685,1.9326515,1.7147439
1713,3.753327667,3.1467893,3.2562945
1714,2.789580712,2.573598,2.7554016
1715,3.214843848,3.008443,3.4432168
1716,3.698970004,3.2647872,3.606945
1717,2.624282096,2.1551592,2.1521697
1718,2.553883027,2.6898446,2.9695482
1719,4.301029996,3.6136744,3.2305949
1720,3.544068044,3.1810315,3.6848857
1721,3.672097858,3.0526354,3.8251863
1722,3.653212514,3.441968,3.0881288
1723,3.698970004,2.9874172,3.0970871
1724,3.008600172,3.3358128,3.3175602
1725,3.202760687,2.727235,2.717859
1726,3.991226076,3.4558911,3.5335214
1727,3.698970004,2.829347,2.5184898
1728,3.130333768,2.953374,3.4967167
1729,3.361727836,3.3906107,2.7965655
1730,3.301029996,3.480511,3.1469526
1731,4.217483944,3.6985157,4.305156
1732,2.914166794,3.1113036,2.7098582
1733,3.197096691,3.0885983,2.6809971
1734,3.698970004,3.371344,3.4428792
1735,3.77815125,3.1280925,3.2217844
1736,1.477121255,2.677047,1.9124122
1737,2.980911938,3.1389966,3.1763031
1738,3.30043243,3.2571933,2.896888
1739,3.597695186,3.5513287,3.4369178
1740,2.909020854,2.8671076,2.7658634
1741,2.008600172,2.8615372,2.1069503
1742,2.798926739,2.8378437,2.9110236
1743,3.204119983,2.8046677,2.561832
1744,3.176091259,2.982894,2.7280753
1745,1.441956838,2.3177357,1.9597007
1746,3.544068044,2.7784507,3.6453707
1747,2.720159303,2.8137698,2.5960972
1748,2.240549248,2.6652756,2.4302545
1749,2.789580712,1.884017,1.6811821
1750,3.370142847,3.3519282,2.7574055
1751,3.187520721,3.3827145,3.4019134
1752,4.149219113,3.192992,3.200126
1753,2.86923172,2.8938289,2.2281837
1754,3,2.9868388,2.635611
1755,3.041392685,3.1036043,2.165387
1756,3,3.276611,2.8729193
1757,3.301029996,3.553661,3.0696936
1758,2.856426772,2.8267,2.384754
1759,2.902546779,2.895226,2.8222618
1760,3.293362555,3.0487554,2.925378
1761,3.677606953,3.3476422,4.848409
1762,4.131404779,3.229983,3.2668216
1763,1.770852012,2.9652662,2.5221167
1764,3.544068044,2.9789321,2.6587114
1765,4,3.0332649,2.6870077
1766,3.299725154,2.9202695,2.4478967
1767,2.004321374,2.7315419,2.6380053
1768,2.698970004,3.6056433,2.94321
1769,2.674861141,3.3089802,3.4493904
1770,3.513883186,3.3276393,3.3153646
1771,2.676236217,3.0250292,2.651507
1772,4,3.7314858,3.2651913
1773,3.658011397,2.8949113,2.916521
1774,3.698970004,3.7183373,3.4297948
1775,2.84509804,2.8867044,3.4582274
1776,2.698970004,3.4774902,3.3091738
1777,3,3.2942915,2.9330192
1778,3,3.1152673,2.7625113
1779,3,3.1173806,2.8812606
1780,3,3.037359,2.8103874
1781,3,3.1927204,2.8666806
1782,3,2.9046412,3.054268
1783,3,2.948341,3.0077019
1784,3,3.1855295,3.0065668
1785,3,3.0629077,3.109087
1786,3,3.1683087,3.054927
1787,3,2.9740849,3.3138163
1788,3,3.2479963,2.9480076
1789,1.880813592,2.1339688,2.287435
1790,3.698970004,3.3029094,2.994962
1791,3.505149978,3.3676667,3.5057676
1792,3.214843848,3.10976,2.8731296
1793,2.758911892,2.8147295,3.0550601
1794,2.755874856,2.5180895,2.2209678
1795,3.225309282,3.3663368,3.5693374
1796,2.94792362,2.9279242,3.0120175
1797,2.892094603,3.1590261,2.8616822
1798,2.835056102,2.955549,2.4693716
1799,3.698970004,3.2625716,3.032056
1800,3.717670503,2.7878516,3.2957914
1801,2.301029996,3.3975377,2.173504
1802,2.397940009,2.728496,3.6958044
1803,2.929078169,3.267561,1.4911575
